Factor,Missing_Pct,Yes_Pct_Addiction,Yes_Pct_No_Addiction,Gap_pp,Cramers_V,p_value,Effect_Size
Risk Taking Behavior,4.8,33.7,30.0,3.7,0.032,0.000434,Negligible
Physical Mental Health Problems,5.2,33.0,30.7,2.3,0.02,0.0284,Negligible
Relationship Strain,5.0,32.2,30.9,1.3,0.011,0.22,Negligible
Withdrawal Symptoms,5.1,31.9,30.6,1.2,0.011,0.238,Negligible
Social Isolation,5.3,31.4,30.6,0.8,0.007,0.442,Negligible
Financial Issues,4.9,31.2,30.7,0.6,0.005,0.597,Negligible
Denial and Resistance to Treatment,5.1,30.8,30.6,0.2,0.002,0.841,Negligible
Experimentation,5.1,30.5,30.5,-0.0,0.0,1.0,Negligible
Legal Consequences,5.4,29.8,31.1,-1.3,0.011,0.233,Negligible
Academic Performance Decline,5.4,29.9,31.3,-1.4,0.012,0.187,Negligible
